-- MySQL dump 10.13  Distrib 8.0.36, for Linux (x86_64)
--
-- Host: localhost    Database: timekeeping_dev
-- ------------------------------------------------------
-- Server version	8.0.37-0ubuntu0.22.04.3

/*!40101 SET @OLD_CHARACTER_SET_CLIENT=@@CHARACTER_SET_CLIENT */;
/*!40101 SET @OLD_CHARACTER_SET_RESULTS=@@CHARACTER_SET_RESULTS */;
/*!40101 SET @OLD_COLLATION_CONNECTION=@@COLLATION_CONNECTION */;
/*!50503 SET NAMES utf8 */;
/*!40103 SET @OLD_TIME_ZONE=@@TIME_ZONE */;
/*!40103 SET TIME_ZONE='+00:00' */;
/*!40014 SET @OLD_UNIQUE_CHECKS=@@UNIQUE_CHECKS, UNIQUE_CHECKS=0 */;
/*!40014 SET @OLD_FOREIGN_KEY_CHECKS=@@FOREIGN_KEY_CHECKS, FOREIGN_KEY_CHECKS=0 */;
/*!40101 SET @OLD_SQL_MODE=@@SQL_MODE, SQL_MODE='NO_AUTO_VALUE_ON_ZERO' */;
/*!40111 SET @OLD_SQL_NOTES=@@SQL_NOTES, SQL_NOTES=0 */;

--
-- Table structure for table `active_storage_attachments`
--

DROP TABLE IF EXISTS `active_storage_attachments`;
/*!40101 SET @saved_cs_client     = @@character_set_client */;
/*!50503 SET character_set_client = utf8mb4 */;
CREATE TABLE `active_storage_attachments` (
  `id` bigint NOT NULL AUTO_INCREMENT,
  `name` varchar(255) NOT NULL,
  `record_type` varchar(255) NOT NULL,
  `record_id` bigint NOT NULL,
  `blob_id` bigint NOT NULL,
  `created_at` datetime(6) NOT NULL,
  PRIMARY KEY (`id`),
  UNIQUE KEY `index_active_storage_attachments_uniqueness` (`record_type`,`record_id`,`name`,`blob_id`),
  KEY `index_active_storage_attachments_on_blob_id` (`blob_id`),
  CONSTRAINT `fk_rails_c3b3935057` FOREIGN KEY (`blob_id`) REFERENCES `active_storage_blobs` (`id`)
) ENGINE=InnoDB AUTO_INCREMENT=25 DEFAULT CHARSET=utf8mb3;
/*!40101 SET character_set_client = @saved_cs_client */;

--
-- Dumping data for table `active_storage_attachments`
--

LOCK TABLES `active_storage_attachments` WRITE;
/*!40000 ALTER TABLE `active_storage_attachments` DISABLE KEYS */;
INSERT INTO `active_storage_attachments` VALUES (18,'avatar','User',5,18,'2024-06-07 03:07:15.547883'),(22,'avatar','User',44,22,'2024-06-12 09:43:05.818347'),(24,'avatar','User',32,24,'2024-06-14 03:59:15.011796');
/*!40000 ALTER TABLE `active_storage_attachments` ENABLE KEYS */;
UNLOCK TABLES;

--
-- Table structure for table `active_storage_blobs`
--

DROP TABLE IF EXISTS `active_storage_blobs`;
/*!40101 SET @saved_cs_client     = @@character_set_client */;
/*!50503 SET character_set_client = utf8mb4 */;
CREATE TABLE `active_storage_blobs` (
  `id` bigint NOT NULL AUTO_INCREMENT,
  `key` varchar(255) NOT NULL,
  `filename` varchar(255) NOT NULL,
  `content_type` varchar(255) DEFAULT NULL,
  `metadata` text,
  `service_name` varchar(255) NOT NULL,
  `byte_size` bigint NOT NULL,
  `checksum` varchar(255) DEFAULT NULL,
  `created_at` datetime(6) NOT NULL,
  PRIMARY KEY (`id`),
  UNIQUE KEY `index_active_storage_blobs_on_key` (`key`)
) ENGINE=InnoDB AUTO_INCREMENT=25 DEFAULT CHARSET=utf8mb3;
/*!40101 SET character_set_client = @saved_cs_client */;

--
-- Dumping data for table `active_storage_blobs`
--

LOCK TABLES `active_storage_blobs` WRITE;
/*!40000 ALTER TABLE `active_storage_blobs` DISABLE KEYS */;
INSERT INTO `active_storage_blobs` VALUES (18,'f2pyc8rei3fj02eru59irnri40lx','2024-02-23-124850.jpg','image/jpeg','{\"identified\":true,\"analyzed\":true}','local',106899,'PZAlFsHOGS1d+MmZwmC7ig==','2024-06-07 03:07:15.545836'),(22,'m3ar2c0pyh2itg4uoyve2oha9sfr','N2_NGUYENDUCMANH_25082002.jpg','image/jpeg','{\"identified\":true,\"analyzed\":true}','local',139897,'TLCPlVahErNYjfHpAs4LDw==','2024-06-12 09:43:05.814679'),(24,'huk5c8ppc5s375ja7lvpo50kfo74','N2_NGUYENDUCMANH_25082002.jpg','image/jpeg','{\"identified\":true,\"analyzed\":true}','local',139897,'TLCPlVahErNYjfHpAs4LDw==','2024-06-14 03:59:15.007527');
/*!40000 ALTER TABLE `active_storage_blobs` ENABLE KEYS */;
UNLOCK TABLES;

--
-- Table structure for table `active_storage_variant_records`
--

DROP TABLE IF EXISTS `active_storage_variant_records`;
/*!40101 SET @saved_cs_client     = @@character_set_client */;
/*!50503 SET character_set_client = utf8mb4 */;
CREATE TABLE `active_storage_variant_records` (
  `id` bigint NOT NULL AUTO_INCREMENT,
  `blob_id` bigint NOT NULL,
  `variation_digest` varchar(255) NOT NULL,
  PRIMARY KEY (`id`),
  UNIQUE KEY `index_active_storage_variant_records_uniqueness` (`blob_id`,`variation_digest`),
  CONSTRAINT `fk_rails_993965df05` FOREIGN KEY (`blob_id`) REFERENCES `active_storage_blobs` (`id`)
) ENGINE=InnoDB DEFAULT CHARSET=utf8mb3;
/*!40101 SET character_set_client = @saved_cs_client */;

--
-- Dumping data for table `active_storage_variant_records`
--

LOCK TABLES `active_storage_variant_records` WRITE;
/*!40000 ALTER TABLE `active_storage_variant_records` DISABLE KEYS */;
/*!40000 ALTER TABLE `active_storage_variant_records` ENABLE KEYS */;
UNLOCK TABLES;

--
-- Table structure for table `ar_internal_metadata`
--

DROP TABLE IF EXISTS `ar_internal_metadata`;
/*!40101 SET @saved_cs_client     = @@character_set_client */;
/*!50503 SET character_set_client = utf8mb4 */;
CREATE TABLE `ar_internal_metadata` (
  `key` varchar(255) NOT NULL,
  `value` varchar(255) DEFAULT NULL,
  `created_at` datetime(6) NOT NULL,
  `updated_at` datetime(6) NOT NULL,
  PRIMARY KEY (`key`)
) ENGINE=InnoDB DEFAULT CHARSET=utf8mb3;
/*!40101 SET character_set_client = @saved_cs_client */;

--
-- Dumping data for table `ar_internal_metadata`
--

LOCK TABLES `ar_internal_metadata` WRITE;
/*!40000 ALTER TABLE `ar_internal_metadata` DISABLE KEYS */;
INSERT INTO `ar_internal_metadata` VALUES ('environment','development','2024-05-11 14:04:46.069004','2024-05-11 14:04:46.069007'),('schema_sha1','fe6dbb61229dc78719bb07c90920130d59d6c712','2024-05-11 14:04:46.081702','2024-05-11 14:04:46.081703');
/*!40000 ALTER TABLE `ar_internal_metadata` ENABLE KEYS */;
UNLOCK TABLES;

--
-- Table structure for table `attendance_types`
--

DROP TABLE IF EXISTS `attendance_types`;
/*!40101 SET @saved_cs_client     = @@character_set_client */;
/*!50503 SET character_set_client = utf8mb4 */;
CREATE TABLE `attendance_types` (
  `id` bigint NOT NULL AUTO_INCREMENT,
  `type_name` varchar(255) DEFAULT NULL,
  `created_at` datetime(6) NOT NULL,
  `updated_at` datetime(6) NOT NULL,
  PRIMARY KEY (`id`)
) ENGINE=InnoDB AUTO_INCREMENT=11 DEFAULT CHARSET=utf8mb3;
/*!40101 SET character_set_client = @saved_cs_client */;

--
-- Dumping data for table `attendance_types`
--

LOCK TABLES `attendance_types` WRITE;
/*!40000 ALTER TABLE `attendance_types` DISABLE KEYS */;
INSERT INTO `attendance_types` VALUES (1,'Check in','2024-05-13 02:29:35.942900','2024-06-11 03:44:46.683173'),(2,'Check out','2024-05-13 02:29:35.959614','2024-06-11 03:44:53.997894'),(3,'ut','2024-05-13 02:29:35.976129','2024-05-13 02:29:35.976129'),(4,'officia','2024-05-13 02:29:35.987415','2024-05-13 02:29:35.987415'),(5,'sed','2024-05-13 02:29:35.998197','2024-05-13 02:29:35.998197'),(6,'neque','2024-05-13 02:29:36.009193','2024-05-13 02:29:36.009193'),(7,'eaque','2024-05-13 02:29:36.019998','2024-05-13 02:29:36.019998'),(8,'molestias','2024-05-13 02:29:36.033950','2024-05-13 02:29:36.033950'),(10,'Regular','2024-05-13 02:29:36.055923','2024-05-28 09:55:38.299598');
/*!40000 ALTER TABLE `attendance_types` ENABLE KEYS */;
UNLOCK TABLES;

--
-- Table structure for table `attendances`
--

DROP TABLE IF EXISTS `attendances`;
/*!40101 SET @saved_cs_client     = @@character_set_client */;
/*!50503 SET character_set_client = utf8mb4 */;
CREATE TABLE `attendances` (
  `id` bigint NOT NULL AUTO_INCREMENT,
  `date` date DEFAULT NULL,
  `user_id` bigint DEFAULT NULL,
  `attendance_type_id` bigint DEFAULT NULL,
  `created_at` timestamp NULL DEFAULT NULL,
  `time_check` time DEFAULT NULL,
  PRIMARY KEY (`id`),
  KEY `fk_rails_77ad02f5c5` (`user_id`),
  KEY `fk_rails_65c18d8303` (`attendance_type_id`),
  CONSTRAINT `fk_rails_65c18d8303` FOREIGN KEY (`attendance_type_id`) REFERENCES `attendance_types` (`id`),
  CONSTRAINT `fk_rails_77ad02f5c5` FOREIGN KEY (`user_id`) REFERENCES `users` (`id`)
) ENGINE=InnoDB AUTO_INCREMENT=240 DEFAULT CHARSET=utf8mb3;
/*!40101 SET character_set_client = @saved_cs_client */;

--
-- Dumping data for table `attendances`
--

LOCK TABLES `attendances` WRITE;
/*!40000 ALTER TABLE `attendances` DISABLE KEYS */;
INSERT INTO `attendances` VALUES (115,'2024-06-11',32,1,'2024-06-10 21:07:26','04:04:42'),(116,'2024-06-11',32,1,'2024-06-10 21:08:21','04:07:46'),(117,'2024-04-10',32,1,'2024-06-10 21:18:20','03:52:27'),(118,'2024-04-10',32,1,'2024-06-10 21:18:20','01:02:18'),(119,'2024-04-10',32,1,'2024-06-10 21:18:20','01:04:19'),(120,'2024-04-10',32,1,'2024-06-10 21:18:20','06:21:42'),(121,'2024-04-10',32,1,'2024-06-10 21:18:20','06:46:05'),(122,'2024-04-07',32,1,'2024-06-10 21:18:53','06:22:11'),(123,'2024-04-07',32,1,'2024-06-10 21:18:53','09:52:23'),(124,'2024-04-07',32,1,'2024-06-10 21:18:53','10:10:50'),(125,'2024-04-07',32,1,'2024-06-10 21:18:53','10:22:14'),(126,'2024-04-07',32,1,'2024-06-10 21:18:53','08:15:50'),(127,'2024-06-07',32,1,'2024-06-10 21:19:12','03:30:24'),(128,'2024-06-07',32,1,'2024-06-10 21:19:12','08:27:55'),(129,'2024-06-07',32,1,'2024-06-10 21:19:12','09:35:41'),(130,'2024-06-07',32,1,'2024-06-10 21:19:12','03:33:37'),(131,'2024-06-07',32,1,'2024-06-10 21:19:12','09:19:11'),(132,'2024-06-06',32,1,'2024-06-10 21:19:30','10:35:43'),(133,'2024-06-06',32,1,'2024-06-10 21:19:30','07:31:45'),(134,'2024-06-06',32,1,'2024-06-10 21:19:30','04:32:55'),(135,'2024-06-06',32,1,'2024-06-10 21:19:30','02:51:56'),(136,'2024-06-06',32,1,'2024-06-10 21:19:30','01:50:14'),(137,'2024-06-06',47,1,'2024-06-10 21:21:00','03:46:20'),(138,'2024-06-06',47,1,'2024-06-10 21:21:00','01:39:41'),(139,'2024-06-06',47,1,'2024-06-10 21:21:00','01:58:31'),(140,'2024-06-06',47,1,'2024-06-10 21:21:00','09:28:23'),(141,'2024-06-06',47,1,'2024-06-10 21:21:00','05:15:56'),(142,'2024-06-07',47,1,'2024-06-10 21:21:06','07:31:27'),(143,'2024-06-07',47,1,'2024-06-10 21:21:06','06:15:43'),(144,'2024-06-07',47,1,'2024-06-10 21:21:06','03:01:38'),(145,'2024-06-07',47,1,'2024-06-10 21:21:06','05:49:11'),(146,'2024-06-07',47,1,'2024-06-10 21:21:06','01:38:56'),(147,'2024-06-10',47,1,'2024-06-10 21:21:15','09:32:05'),(148,'2024-06-10',47,1,'2024-06-10 21:21:15','09:25:31'),(149,'2024-06-10',47,1,'2024-06-10 21:21:15','03:36:53'),(150,'2024-06-10',47,1,'2024-06-10 21:21:15','01:48:03'),(151,'2024-06-10',47,1,'2024-06-10 21:21:15','02:21:04'),(152,'2024-06-11',47,1,'2024-06-10 21:21:22','04:31:09'),(153,'2024-06-11',47,1,'2024-06-10 21:21:22','02:35:08'),(154,'2024-06-11',47,1,'2024-06-10 21:21:22','02:46:57'),(155,'2024-06-11',47,1,'2024-06-10 21:21:22','01:14:35'),(156,'2024-06-11',47,1,'2024-06-10 21:21:22','01:24:38'),(157,'2024-06-11',47,1,'2024-06-10 21:22:03','04:22:03'),(158,'2024-06-11',47,2,'2024-06-10 21:22:07','04:22:07'),(159,'2024-06-11',32,1,'2024-06-11 01:23:48','08:23:48'),(160,'2024-06-11',32,2,'2024-06-11 01:23:52','08:23:52'),(161,'2024-06-11',32,1,'2024-06-11 01:39:24','08:39:24'),(162,'2024-06-11',44,2,'2024-06-11 01:52:33','08:52:33'),(163,'2024-06-12',32,1,'2024-06-11 19:25:31','02:25:31'),(164,'2024-06-12',32,2,'2024-06-11 19:25:39','02:25:39'),(165,'2024-06-12',32,2,'2024-06-11 19:26:04','02:26:04'),(166,'2024-06-12',44,1,'2024-06-11 19:48:35','02:48:15'),(167,'2024-06-12',44,2,'2024-06-11 19:50:09','02:48:41'),(168,'2024-06-12',44,2,'2024-06-11 19:58:11','02:50:18'),(169,'2024-06-12',44,2,'2024-06-11 19:58:20','02:58:14'),(170,'2024-06-12',44,1,'2024-06-11 19:59:01','02:59:01'),(171,'2024-06-12',44,2,'2024-06-11 19:59:03','02:59:03'),(172,'2024-06-12',44,1,'2024-06-11 19:59:34','02:59:34'),(173,'2024-06-12',44,2,'2024-06-11 19:59:37','02:59:37'),(174,'2024-06-12',32,1,'2024-06-11 19:59:50','02:59:50'),(175,'2024-06-12',32,1,'2024-06-11 21:59:33','04:59:33'),(176,'2024-06-12',32,2,'2024-06-11 21:59:34','04:59:34'),(182,'2024-06-12',51,2,'2024-06-11 22:11:30','05:11:30'),(183,'2024-06-12',44,1,'2024-06-11 22:26:57','05:26:57'),(184,'2024-06-12',51,1,'2024-06-11 22:27:22','05:27:22'),(185,'2024-06-12',51,1,'2024-06-11 22:27:22','05:27:22'),(186,'2024-06-12',51,2,'2024-06-11 22:32:51','05:32:51'),(187,'2024-06-12',44,2,'2024-06-11 22:33:39','05:33:39'),(188,'2024-06-12',44,2,'2024-06-11 22:35:48','05:35:47'),(189,'2024-06-12',44,2,'2024-06-11 22:38:39','05:38:39'),(190,'2024-06-12',51,2,'2024-06-11 22:42:33','05:42:32'),(191,'2024-06-12',51,2,'2024-06-11 22:43:02','05:43:02'),(192,'2024-06-12',51,2,'2024-06-11 22:43:15','05:43:15'),(193,'2024-06-12',51,2,'2024-06-11 22:43:28','05:43:28'),(194,'2024-06-12',51,1,'2024-06-11 22:49:20','05:49:20'),(195,'2024-06-12',51,2,'2024-06-11 22:49:29','05:49:29'),(197,'2024-06-12',44,1,'2024-06-12 02:41:55','09:41:55'),(198,'2024-06-12',44,1,'2024-06-12 02:49:53','09:49:53'),(199,'2024-06-12',44,2,'2024-06-12 02:49:54','09:49:54'),(200,'2024-06-12',44,1,'2024-06-12 03:53:28','10:53:28'),(201,'2024-06-12',44,1,'2024-06-12 04:25:56','11:25:56'),(202,'2024-06-12',44,2,'2024-06-12 04:25:57','11:25:57'),(203,'2024-06-12',32,1,'2024-06-12 04:38:10','11:38:10'),(204,'2024-06-12',51,1,'2024-06-12 04:53:25','11:53:25'),(205,'2024-06-12',32,1,'2024-06-12 05:00:48','12:00:48'),(206,'2024-06-12',32,2,'2024-06-12 05:00:49','12:00:49'),(207,'2024-06-13',53,2,'2024-06-12 22:33:24','05:33:24'),(208,'2024-06-13',53,1,'2024-06-12 22:33:48','05:33:48'),(209,'2024-06-13',53,2,'2024-06-12 22:33:51','05:33:51'),(210,'2024-06-13',54,1,'2024-06-12 22:34:17','05:34:17'),(211,'2024-06-13',44,2,'2024-06-13 05:49:04','12:49:04'),(212,'2024-06-13',44,1,'2024-06-13 05:55:57','12:55:57'),(213,'2024-06-13',61,2,'2024-06-13 05:58:40','12:58:40'),(214,'2024-06-13',44,1,'2024-06-13 07:00:39','14:00:38'),(215,'2024-06-13',62,2,'2024-06-13 07:02:42','14:02:42'),(216,'2024-06-13',64,2,'2024-06-13 07:03:33','14:03:33'),(217,'2024-06-13',63,2,'2024-06-13 07:04:26','14:04:26'),(218,'2024-06-13',59,2,'2024-06-13 07:05:26','14:05:26'),(219,'2024-06-13',62,2,'2024-06-13 07:06:06','14:06:06'),(220,'2024-06-13',60,2,'2024-06-13 07:07:03','14:07:03'),(221,'2024-06-14',44,1,'2024-06-13 20:13:08','03:13:07'),(222,'2024-06-14',32,1,'2024-06-13 20:25:52','03:25:52'),(223,'2024-06-14',44,1,'2024-06-13 20:50:45','03:50:45'),(224,'2024-06-14',53,1,'2024-06-13 20:53:23','03:53:23'),(225,'2024-06-14',32,1,'2024-06-13 22:04:30','05:04:30'),(226,'2024-06-14',32,1,'2024-06-14 00:09:23','07:09:23'),(227,'2024-06-14',32,1,'2024-06-14 00:25:43','07:25:43'),(228,'2024-06-14',44,1,'2024-06-14 00:40:30','07:40:29'),(229,'2024-06-14',32,1,'2024-06-14 00:41:28','07:41:28'),(230,'2024-06-14',44,1,'2024-06-14 00:42:21','07:42:21'),(231,'2024-06-14',44,1,'2024-06-14 00:44:29','07:44:29'),(232,'2024-06-14',44,1,'2024-06-14 00:46:14','07:46:14'),(233,'2024-06-14',44,2,'2024-06-14 00:46:36','07:46:36'),(234,'2024-06-14',44,1,'2024-06-14 00:47:01','07:47:01'),(235,'2024-06-14',44,1,'2024-06-14 00:49:25','07:49:25'),(236,'2024-06-14',44,1,'2024-06-14 00:51:29','07:51:29'),(237,'2024-06-14',44,1,'2024-06-14 00:53:37','07:53:37'),(238,'2024-06-14',32,1,'2024-06-14 00:54:39','07:54:39'),(239,'2024-06-14',32,1,'2024-06-14 01:56:46','08:56:46');
/*!40000 ALTER TABLE `attendances` ENABLE KEYS */;
UNLOCK TABLES;

--
-- Table structure for table `departments`
--

DROP TABLE IF EXISTS `departments`;
/*!40101 SET @saved_cs_client     = @@character_set_client */;
/*!50503 SET character_set_client = utf8mb4 */;
CREATE TABLE `departments` (
  `id` bigint NOT NULL AUTO_INCREMENT,
  `department_name` varchar(255) DEFAULT NULL,
  `created_at` timestamp NULL DEFAULT NULL,
  PRIMARY KEY (`id`)
) ENGINE=InnoDB AUTO_INCREMENT=7 DEFAULT CHARSET=utf8mb3;
/*!40101 SET character_set_client = @saved_cs_client */;

--
-- Dumping data for table `departments`
--

LOCK TABLES `departments` WRITE;
/*!40000 ALTER TABLE `departments` DISABLE KEYS */;
INSERT INTO `departments` VALUES (1,'Phong 1','2024-05-11 19:46:37'),(2,'Kids & Toys','2024-05-12 19:41:12'),(3,'Industrial','2024-05-12 19:41:13'),(4,'Grocery','2024-05-12 19:41:13'),(5,'Home','2024-05-12 19:41:13'),(6,'Toys, Automotive & Garden','2024-05-12 19:41:13');
/*!40000 ALTER TABLE `departments` ENABLE KEYS */;
UNLOCK TABLES;

--
-- Table structure for table `face_data`
--

DROP TABLE IF EXISTS `face_data`;
/*!40101 SET @saved_cs_client     = @@character_set_client */;
/*!50503 SET character_set_client = utf8mb4 */;
CREATE TABLE `face_data` (
  `id` bigint NOT NULL AUTO_INCREMENT,
  `user_id` bigint DEFAULT NULL,
  `created_at` timestamp NULL DEFAULT NULL,
  PRIMARY KEY (`id`),
  KEY `fk_rails_25b1d77efc` (`user_id`),
  CONSTRAINT `fk_rails_25b1d77efc` FOREIGN KEY (`user_id`) REFERENCES `users` (`id`)
) ENGINE=InnoDB AUTO_INCREMENT=5251 DEFAULT CHARSET=utf8mb3;
/*!40101 SET character_set_client = @saved_cs_client */;

--
-- Dumping data for table `face_data`
--

LOCK TABLES `face_data` WRITE;
/*!40000 ALTER TABLE `face_data` DISABLE KEYS */;
INSERT INTO `face_data` VALUES (1,32,NULL),(2,32,NULL),(3,32,NULL),(4,32,NULL),(5,32,NULL),(6,32,NULL),(7,32,NULL),(8,32,NULL),(9,32,NULL),(10,32,NULL),(11,32,NULL),(12,32,NULL),(13,32,NULL),(14,32,NULL),(15,32,NULL),(16,32,NULL),(17,32,NULL),(18,32,NULL),(19,32,NULL),(20,32,NULL),(21,32,NULL),(22,32,NULL),(23,32,NULL),(24,32,NULL),(25,32,NULL),(26,32,NULL),(27,32,NULL),(28,32,NULL),(29,32,NULL),(30,32,NULL),(31,32,NULL),(32,32,NULL),(33,32,NULL),(34,32,NULL),(35,32,NULL),(36,32,NULL),(37,32,NULL),(38,32,NULL),(39,32,NULL),(40,32,NULL),(41,32,NULL),(42,32,NULL),(43,32,NULL),(44,32,NULL),(45,32,NULL),(46,32,NULL),(47,32,NULL),(48,32,NULL),(49,32,NULL),(50,32,NULL),(51,32,NULL),(52,32,NULL),(53,32,NULL),(54,32,NULL),(55,32,NULL),(56,32,NULL),(57,32,NULL),(58,32,NULL),(59,32,NULL),(60,32,NULL),(61,32,NULL),(62,32,NULL),(63,32,NULL),(64,32,NULL),(65,32,NULL),(66,32,NULL),(67,32,NULL),(68,32,NULL),(69,32,NULL),(70,32,NULL),(71,32,NULL),(72,32,NULL),(73,32,NULL),(74,32,NULL),(75,32,NULL),(76,32,NULL),(77,32,NULL),(78,32,NULL),(79,32,NULL),(80,32,NULL),(81,32,NULL),(82,32,NULL),(83,32,NULL),(84,32,NULL),(85,32,NULL),(86,32,NULL),(87,32,NULL),(88,32,NULL),(89,32,NULL),(90,32,NULL),(91,32,NULL),(92,32,NULL),(93,32,NULL),(94,32,NULL),(95,32,NULL),(96,32,NULL),(97,32,NULL),(98,32,NULL),(99,32,NULL),(100,32,NULL),(201,42,NULL),(202,42,NULL),(203,42,NULL),(204,42,NULL),(205,42,NULL),(206,42,NULL),(207,42,NULL),(208,42,NULL),(209,42,NULL),(210,42,NULL),(211,42,NULL),(212,42,NULL),(213,42,NULL),(214,42,NULL),(215,42,NULL),(216,42,NULL),(217,42,NULL),(218,42,NULL),(219,42,NULL),(220,42,NULL),(221,42,NULL),(222,42,NULL),(223,42,NULL),(224,42,NULL),(225,42,NULL),(226,42,NULL),(227,42,NULL),(228,42,NULL),(229,42,NULL),(230,42,NULL),(231,42,NULL),(232,42,NULL),(233,42,NULL),(234,42,NULL),(235,42,NULL),(236,42,NULL),(237,42,NULL),(238,42,NULL),(239,42,NULL),(240,42,NULL),(241,42,NULL),(242,42,NULL),(243,42,NULL),(244,42,NULL),(245,42,NULL),(246,42,NULL),(247,42,NULL),(248,42,NULL),(249,42,NULL),(250,42,NULL),(251,42,NULL),(252,42,NULL),(253,42,NULL),(254,42,NULL),(255,42,NULL),(256,42,NULL),(257,42,NULL),(258,42,NULL),(259,42,NULL),(260,42,NULL),(261,42,NULL),(262,42,NULL),(263,42,NULL),(264,42,NULL),(265,42,NULL),(266,42,NULL),(267,42,NULL),(268,42,NULL),(269,42,NULL),(270,42,NULL),(271,42,NULL),(272,42,NULL),(273,42,NULL),(274,42,NULL),(275,42,NULL),(276,42,NULL),(277,42,NULL),(278,42,NULL),(279,42,NULL),(280,42,NULL),(281,42,NULL),(282,42,NULL),(283,42,NULL),(284,42,NULL),(285,42,NULL),(286,42,NULL),(287,42,NULL),(288,42,NULL),(289,42,NULL),(290,42,NULL),(291,42,NULL),(292,42,NULL),(293,42,NULL),(294,42,NULL),(295,42,NULL),(296,42,NULL),(297,42,NULL),(298,42,NULL),(299,42,NULL),(300,42,NULL),(401,44,NULL),(402,44,NULL),(403,44,NULL),(404,44,NULL),(405,44,NULL),(406,44,NULL),(407,44,NULL),(408,44,NULL),(409,44,NULL),(410,44,NULL),(411,44,NULL),(412,44,NULL),(413,44,NULL),(414,44,NULL),(415,44,NULL),(416,44,NULL),(417,44,NULL),(418,44,NULL),(419,44,NULL),(420,44,NULL),(421,44,NULL),(422,44,NULL),(423,44,NULL),(424,44,NULL),(425,44,NULL),(426,44,NULL),(427,44,NULL),(428,44,NULL),(429,44,NULL),(430,44,NULL),(431,44,NULL),(432,44,NULL),(433,44,NULL),(434,44,NULL),(435,44,NULL),(436,44,NULL),(437,44,NULL),(438,44,NULL),(439,44,NULL),(440,44,NULL),(441,44,NULL),(442,44,NULL),(443,44,NULL),(444,44,NULL),(445,44,NULL),(446,44,NULL),(447,44,NULL),(448,44,NULL),(449,44,NULL),(450,44,NULL),(451,44,NULL),(452,44,NULL),(453,44,NULL),(454,44,NULL),(455,44,NULL),(456,44,NULL),(457,44,NULL),(458,44,NULL),(459,44,NULL),(460,44,NULL),(461,44,NULL),(462,44,NULL),(463,44,NULL),(464,44,NULL),(465,44,NULL),(466,44,NULL),(467,44,NULL),(468,44,NULL),(469,44,NULL),(470,44,NULL),(471,44,NULL),(472,44,NULL),(473,44,NULL),(474,44,NULL),(475,44,NULL),(476,44,NULL),(477,44,NULL),(478,44,NULL),(479,44,NULL),(480,44,NULL),(481,44,NULL),(482,44,NULL),(483,44,NULL),(484,44,NULL),(485,44,NULL),(486,44,NULL),(487,44,NULL),(488,44,NULL),(489,44,NULL),(490,44,NULL),(491,44,NULL),(492,44,NULL),(493,44,NULL),(494,44,NULL),(495,44,NULL),(496,44,NULL),(497,44,NULL),(498,44,NULL),(499,44,NULL),(500,44,NULL),(501,51,NULL),(502,51,NULL),(503,51,NULL),(504,51,NULL),(505,51,NULL),(506,51,NULL),(507,51,NULL),(508,51,NULL),(509,51,NULL),(510,51,NULL),(511,51,NULL),(512,51,NULL),(513,51,NULL),(514,51,NULL),(515,51,NULL),(516,51,NULL),(517,51,NULL),(518,51,NULL),(519,51,NULL),(520,51,NULL),(521,51,NULL),(522,51,NULL),(523,51,NULL),(524,51,NULL),(525,51,NULL),(526,51,NULL),(527,51,NULL),(528,51,NULL),(529,51,NULL),(530,51,NULL),(531,51,NULL),(532,51,NULL),(533,51,NULL),(534,51,NULL),(535,51,NULL),(536,51,NULL),(537,51,NULL),(538,51,NULL),(539,51,NULL),(540,51,NULL),(541,51,NULL),(542,51,NULL),(543,51,NULL),(544,51,NULL),(545,51,NULL),(546,51,NULL),(547,51,NULL),(548,51,NULL),(549,51,NULL),(550,51,NULL),(551,51,NULL),(552,51,NULL),(553,51,NULL),(554,51,NULL),(555,51,NULL),(556,51,NULL),(557,51,NULL),(558,51,NULL),(559,51,NULL),(560,51,NULL),(561,51,NULL),(562,51,NULL),(563,51,NULL),(564,51,NULL),(565,51,NULL),(566,51,NULL),(567,51,NULL),(568,51,NULL),(569,51,NULL),(570,51,NULL),(571,51,NULL),(572,51,NULL),(573,51,NULL),(574,51,NULL),(575,51,NULL),(576,51,NULL),(577,51,NULL),(578,51,NULL),(579,51,NULL),(580,51,NULL),(581,51,NULL),(582,51,NULL),(583,51,NULL),(584,51,NULL),(585,51,NULL),(586,51,NULL),(587,51,NULL),(588,51,NULL),(589,51,NULL),(590,51,NULL),(591,51,NULL),(592,51,NULL),(593,51,NULL),(594,51,NULL),(595,51,NULL),(596,51,NULL),(597,51,NULL),(598,51,NULL),(599,51,NULL),(600,51,NULL),(601,51,NULL),(602,51,NULL),(603,51,NULL),(604,51,NULL),(605,53,NULL),(606,53,NULL),(607,53,NULL),(608,53,NULL),(609,53,NULL),(610,53,NULL),(611,53,NULL),(612,53,NULL),(613,53,NULL),(614,53,NULL),(615,53,NULL),(616,53,NULL),(617,53,NULL),(618,53,NULL),(619,53,NULL),(620,53,NULL),(621,53,NULL),(622,53,NULL),(623,53,NULL),(624,53,NULL),(625,53,NULL),(626,53,NULL),(627,53,NULL),(628,53,NULL),(629,53,NULL),(630,53,NULL),(631,53,NULL),(632,53,NULL),(633,53,NULL),(634,53,NULL),(635,53,NULL),(636,53,NULL),(637,53,NULL),(638,53,NULL),(639,53,NULL),(640,53,NULL),(641,53,NULL),(642,53,NULL),(643,53,NULL),(644,53,NULL),(645,53,NULL),(646,53,NULL),(647,53,NULL),(648,53,NULL),(649,53,NULL),(650,53,NULL),(651,53,NULL),(652,53,NULL),(653,53,NULL),(654,53,NULL),(655,54,NULL),(656,54,NULL),(657,54,NULL),(658,54,NULL),(659,54,NULL),(660,54,NULL),(661,54,NULL),(662,54,NULL),(663,54,NULL),(664,54,NULL),(665,54,NULL),(666,54,NULL),(667,54,NULL),(668,54,NULL),(669,54,NULL),(670,54,NULL),(671,54,NULL),(672,54,NULL),(673,54,NULL),(674,54,NULL),(675,54,NULL),(676,54,NULL),(677,54,NULL),(678,54,NULL),(679,54,NULL),(680,54,NULL),(681,54,NULL),(682,54,NULL),(683,54,NULL),(684,54,NULL),(685,54,NULL),(686,54,NULL),(687,54,NULL),(688,54,NULL),(689,54,NULL),(690,54,NULL),(691,54,NULL),(692,54,NULL),(693,54,NULL),(694,54,NULL),(695,54,NULL),(696,54,NULL),(697,54,NULL),(698,54,NULL),(699,54,NULL),(700,54,NULL),(701,54,NULL),(702,54,NULL),(703,54,NULL),(704,54,NULL),(705,55,NULL),(706,55,NULL),(707,55,NULL),(708,55,NULL),(709,55,NULL),(710,55,NULL),(711,55,NULL),(712,55,NULL),(713,55,NULL),(714,55,NULL),(715,55,NULL),(716,55,NULL),(717,55,NULL),(718,55,NULL),(719,55,NULL),(720,55,NULL),(721,55,NULL),(722,55,NULL),(723,55,NULL),(724,55,NULL),(725,55,NULL),(726,55,NULL),(727,55,NULL),(728,55,NULL),(729,55,NULL),(730,55,NULL),(731,55,NULL),(732,55,NULL),(733,55,NULL),(734,55,NULL),(735,55,NULL),(736,55,NULL),(737,55,NULL),(738,55,NULL),(739,55,NULL),(740,55,NULL),(741,55,NULL),(742,55,NULL),(743,55,NULL),(744,55,NULL),(745,55,NULL),(746,55,NULL),(747,55,NULL),(748,55,NULL),(749,55,NULL),(750,55,NULL),(751,55,NULL),(752,55,NULL),(753,55,NULL),(754,55,NULL),(755,56,NULL),(756,56,NULL),(757,56,NULL),(758,56,NULL),(759,56,NULL),(760,56,NULL),(761,56,NULL),(762,56,NULL),(763,56,NULL),(764,56,NULL),(765,56,NULL),(766,56,NULL),(767,56,NULL),(768,56,NULL),(769,56,NULL),(770,56,NULL),(771,56,NULL),(772,56,NULL),(773,56,NULL),(774,56,NULL),(775,56,NULL),(776,56,NULL),(777,56,NULL),(778,56,NULL),(779,56,NULL),(780,56,NULL),(781,56,NULL),(782,56,NULL),(783,56,NULL),(784,56,NULL),(785,56,NULL),(786,56,NULL),(787,56,NULL),(788,56,NULL),(789,56,NULL),(790,56,NULL),(791,56,NULL),(792,56,NULL),(793,56,NULL),(794,56,NULL),(795,56,NULL),(796,56,NULL),(797,56,NULL),(798,56,NULL),(799,56,NULL),(800,56,NULL),(801,56,NULL),(802,56,NULL),(803,56,NULL),(804,56,NULL),(805,57,NULL),(806,57,NULL),(807,57,NULL),(808,57,NULL),(809,57,NULL),(810,57,NULL),(811,57,NULL),(812,57,NULL),(813,57,NULL),(814,57,NULL),(815,57,NULL),(816,57,NULL),(817,57,NULL),(818,57,NULL),(819,57,NULL),(820,57,NULL),(821,57,NULL),(822,57,NULL),(823,57,NULL),(824,57,NULL),(825,57,NULL),(826,57,NULL),(827,57,NULL),(828,57,NULL),(829,57,NULL),(830,57,NULL),(831,57,NULL),(832,57,NULL),(833,57,NULL),(834,57,NULL),(835,57,NULL),(836,57,NULL),(837,57,NULL),(838,57,NULL),(839,57,NULL),(840,57,NULL),(841,57,NULL),(842,57,NULL),(843,57,NULL),(844,57,NULL),(845,57,NULL),(846,57,NULL),(847,57,NULL),(848,57,NULL),(849,57,NULL),(850,57,NULL),(851,57,NULL),(852,57,NULL),(853,57,NULL),(854,57,NULL),(855,58,NULL),(856,58,NULL),(857,58,NULL),(858,58,NULL),(859,58,NULL),(860,58,NULL),(861,58,NULL),(862,58,NULL),(863,58,NULL),(864,58,NULL),(865,58,NULL),(866,58,NULL),(867,58,NULL),(868,58,NULL),(869,58,NULL),(870,58,NULL),(871,58,NULL),(872,58,NULL),(873,58,NULL),(874,58,NULL),(875,58,NULL),(876,58,NULL),(877,58,NULL),(878,58,NULL),(879,58,NULL),(880,58,NULL),(881,58,NULL),(882,58,NULL),(883,58,NULL),(884,58,NULL),(885,58,NULL),(886,58,NULL),(887,58,NULL),(888,58,NULL),(889,58,NULL),(890,58,NULL),(891,58,NULL),(892,58,NULL),(893,58,NULL),(894,58,NULL),(895,58,NULL),(896,58,NULL),(897,58,NULL),(898,58,NULL),(899,58,NULL),(900,58,NULL),(901,58,NULL),(902,58,NULL),(903,58,NULL),(904,58,NULL),(905,59,NULL),(906,59,NULL),(907,59,NULL),(908,59,NULL),(909,59,NULL),(910,59,NULL),(911,59,NULL),(912,59,NULL),(913,59,NULL),(914,59,NULL),(915,59,NULL),(916,59,NULL),(917,59,NULL),(918,59,NULL),(919,59,NULL),(920,59,NULL),(921,59,NULL),(922,59,NULL),(923,59,NULL),(924,59,NULL),(925,59,NULL),(926,59,NULL),(927,59,NULL),(928,59,NULL),(929,59,NULL),(930,59,NULL),(931,59,NULL),(932,59,NULL),(933,59,NULL),(934,59,NULL),(935,59,NULL),(936,59,NULL),(937,59,NULL),(938,59,NULL),(939,59,NULL),(940,59,NULL),(941,59,NULL),(942,59,NULL),(943,59,NULL),(944,59,NULL),(945,59,NULL),(946,59,NULL),(947,59,NULL),(948,59,NULL),(949,59,NULL),(950,59,NULL),(951,59,NULL),(952,59,NULL),(953,59,NULL),(954,59,NULL),(955,60,NULL),(956,60,NULL),(957,60,NULL),(958,60,NULL),(959,60,NULL),(960,60,NULL),(961,60,NULL),(962,60,NULL),(963,60,NULL),(964,60,NULL),(965,60,NULL),(966,60,NULL),(967,60,NULL),(968,60,NULL),(969,60,NULL),(970,60,NULL),(971,60,NULL),(972,60,NULL),(973,60,NULL),(974,60,NULL),(975,60,NULL),(976,60,NULL),(977,60,NULL),(978,60,NULL),(979,60,NULL),(980,60,NULL),(981,60,NULL),(982,60,NULL),(983,60,NULL),(984,60,NULL),(985,60,NULL),(986,60,NULL),(987,60,NULL),(988,60,NULL),(989,60,NULL),(990,60,NULL),(991,60,NULL),(992,60,NULL),(993,60,NULL),(994,60,NULL),(995,60,NULL),(996,60,NULL),(997,60,NULL),(998,60,NULL),(999,60,NULL),(1000,60,NULL),(1001,60,NULL),(1002,60,NULL),(1003,60,NULL),(1004,60,NULL),(1005,61,NULL),(1006,61,NULL),(1007,61,NULL),(1008,61,NULL),(1009,61,NULL),(1010,61,NULL),(1011,61,NULL),(1012,61,NULL),(1013,61,NULL),(1014,61,NULL),(1015,61,NULL),(1016,61,NULL),(1017,61,NULL),(1018,61,NULL),(1019,61,NULL),(1020,61,NULL),(1021,61,NULL),(1022,61,NULL),(1023,61,NULL),(1024,61,NULL),(1025,61,NULL),(1026,61,NULL),(1027,61,NULL),(1028,61,NULL),(1029,61,NULL),(1030,61,NULL),(1031,61,NULL),(1032,61,NULL),(1033,61,NULL),(1034,61,NULL),(1035,61,NULL),(1036,61,NULL),(1037,61,NULL),(1038,61,NULL),(1039,61,NULL),(1040,61,NULL),(1041,61,NULL),(1042,61,NULL),(1043,61,NULL),(1044,61,NULL),(1045,61,NULL),(1046,61,NULL),(1047,61,NULL),(1048,61,NULL),(1049,61,NULL),(1050,61,NULL),(1051,61,NULL),(1052,61,NULL),(1053,61,NULL),(1054,61,NULL),(1055,62,NULL),(1056,62,NULL),(1057,62,NULL),(1058,62,NULL),(1059,62,NULL),(1060,62,NULL),(1061,62,NULL),(1062,62,NULL),(1063,62,NULL),(1064,62,NULL),(1065,62,NULL),(1066,62,NULL),(1067,62,NULL),(1068,62,NULL),(1069,62,NULL),(1070,62,NULL),(1071,62,NULL),(1072,62,NULL),(1073,62,NULL),(1074,62,NULL),(1075,62,NULL),(1076,62,NULL),(1077,62,NULL),(1078,62,NULL),(1079,62,NULL),(1080,62,NULL),(1081,62,NULL),(1082,62,NULL),(1083,62,NULL),(1084,62,NULL),(1085,62,NULL),(1086,62,NULL),(1087,62,NULL),(1088,62,NULL),(1089,62,NULL),(1090,62,NULL),(1091,62,NULL),(1092,62,NULL),(1093,62,NULL),(1094,62,NULL),(1095,62,NULL),(1096,62,NULL),(1097,62,NULL),(1098,62,NULL),(1099,62,NULL),(1100,62,NULL),(1101,62,NULL),(1102,62,NULL),(1103,62,NULL),(1104,62,NULL),(1105,63,NULL),(1106,63,NULL),(1107,63,NULL),(1108,63,NULL),(1109,63,NULL),(1110,63,NULL),(1111,63,NULL),(1112,63,NULL),(1113,63,NULL),(1114,63,NULL),(1115,63,NULL),(1116,63,NULL),(1117,63,NULL),(1118,63,NULL),(1119,63,NULL),(1120,63,NULL),(1121,63,NULL),(1122,63,NULL),(1123,63,NULL),(1124,63,NULL),(1125,63,NULL),(1126,63,NULL),(1127,63,NULL),(1128,63,NULL),(1129,63,NULL),(1130,63,NULL),(1131,63,NULL),(1132,63,NULL),(1133,63,NULL),(1134,63,NULL),(1135,63,NULL),(1136,63,NULL),(1137,63,NULL),(1138,63,NULL),(1139,63,NULL),(1140,63,NULL),(1141,63,NULL),(1142,63,NULL),(1143,63,NULL),(1144,63,NULL),(1145,63,NULL),(1146,63,NULL),(1147,63,NULL),(1148,63,NULL),(1149,63,NULL),(1150,63,NULL),(1151,63,NULL),(1152,63,NULL),(1153,63,NULL),(1154,63,NULL),(1155,64,NULL),(1156,64,NULL),(1157,64,NULL),(1158,64,NULL),(1159,64,NULL),(1160,64,NULL),(1161,64,NULL),(1162,64,NULL),(1163,64,NULL),(1164,64,NULL),(1165,64,NULL),(1166,64,NULL),(1167,64,NULL),(1168,64,NULL),(1169,64,NULL),(1170,64,NULL),(1171,64,NULL),(1172,64,NULL),(1173,64,NULL),(1174,64,NULL),(1175,64,NULL),(1176,64,NULL),(1177,64,NULL),(1178,64,NULL),(1179,64,NULL),(1180,64,NULL),(1181,64,NULL),(1182,64,NULL),(1183,64,NULL),(1184,64,NULL),(1185,64,NULL),(1186,64,NULL),(1187,64,NULL),(1188,64,NULL),(1189,64,NULL),(1190,64,NULL),(1191,64,NULL),(1192,64,NULL),(1193,64,NULL),(1194,64,NULL),(1195,64,NULL),(1196,64,NULL),(1197,64,NULL),(1198,64,NULL),(1199,64,NULL),(1200,64,NULL),(1201,64,NULL),(1202,64,NULL),(1203,64,NULL),(1204,64,NULL),(1205,69,NULL),(1206,69,NULL),(1207,69,NULL),(1208,69,NULL),(1209,69,NULL),(1210,69,NULL),(1211,69,NULL),(1212,69,NULL),(1213,69,NULL),(1214,69,NULL),(1215,69,NULL),(1216,69,NULL),(1217,69,NULL),(1218,69,NULL),(1219,69,NULL),(1220,69,NULL),(1221,69,NULL),(1222,69,NULL),(1223,69,NULL),(1224,69,NULL),(1225,69,NULL),(1226,69,NULL),(1227,69,NULL),(1228,69,NULL),(1229,69,NULL),(1230,69,NULL),(1231,69,NULL),(1232,69,NULL),(1233,69,NULL),(1234,69,NULL),(1235,69,NULL),(1236,69,NULL),(1237,69,NULL),(1238,69,NULL),(1239,69,NULL),(1240,69,NULL),(1241,69,NULL),(1242,69,NULL),(1243,69,NULL),(1244,69,NULL),(1245,69,NULL),(1246,69,NULL),(1247,69,NULL),(1248,69,NULL),(1249,69,NULL),(1250,69,NULL),(1251,69,NULL),(1252,69,NULL),(1253,69,NULL),(1254,69,NULL),(1255,70,NULL),(1256,70,NULL),(1257,70,NULL),(1258,70,NULL),(1259,70,NULL),(1260,70,NULL),(1261,70,NULL),(1262,70,NULL),(1263,70,NULL),(1264,70,NULL),(1265,70,NULL),(1266,70,NULL),(1267,70,NULL),(1268,70,NULL),(1269,70,NULL),(1270,70,NULL),(1271,70,NULL),(1272,70,NULL),(1273,70,NULL),(1274,70,NULL),(1275,70,NULL),(1276,70,NULL),(1277,70,NULL),(1278,70,NULL),(1279,70,NULL),(1280,70,NULL),(1281,70,NULL),(1282,70,NULL),(1283,70,NULL),(1284,70,NULL),(1285,70,NULL),(1286,70,NULL),(1287,70,NULL),(1288,70,NULL),(1289,70,NULL),(1290,70,NULL),(1291,70,NULL),(1292,70,NULL),(1293,70,NULL),(1294,70,NULL),(1295,70,NULL),(1296,70,NULL),(1297,70,NULL),(1298,70,NULL),(1299,70,NULL),(1300,70,NULL),(1301,70,NULL),(1302,70,NULL),(1303,70,NULL),(1304,80,NULL),(1305,80,NULL),(1306,80,NULL),(1307,80,NULL),(1308,80,NULL),(1309,80,NULL),(1310,80,NULL),(1311,80,NULL),(1312,80,NULL),(1313,80,NULL),(1314,80,NULL),(1315,80,NULL),(1316,80,NULL),(1317,80,NULL),(1318,80,NULL),(1319,80,NULL),(1320,80,NULL),(1321,80,NULL),(1322,80,NULL),(1323,80,NULL),(1324,80,NULL),(1325,80,NULL),(1326,80,NULL),(1327,80,NULL),(1328,80,NULL),(1329,80,NULL),(1330,80,NULL),(1331,80,NULL),(1332,80,NULL),(1333,80,NULL);
/*!40000 ALTER TABLE `face_data` ENABLE KEYS */;
UNLOCK TABLES;

--
-- Table structure for table `holidays`
--

DROP TABLE IF EXISTS `holidays`;
/*!40101 SET @saved_cs_client     = @@character_set_client */;
/*!50503 SET character_set_client = utf8mb4 */;
CREATE TABLE `holidays` (
  `id` bigint NOT NULL AUTO_INCREMENT,
  `holiday_date` date DEFAULT NULL,
  `description` varchar(255) DEFAULT NULL,
  `created_at` timestamp NULL DEFAULT NULL,
  PRIMARY KEY (`id`)
) ENGINE=InnoDB DEFAULT CHARSET=utf8mb3;
/*!40101 SET character_set_client = @saved_cs_client */;

--
-- Dumping data for table `holidays`
--

LOCK TABLES `holidays` WRITE;
/*!40000 ALTER TABLE `holidays` DISABLE KEYS */;
/*!40000 ALTER TABLE `holidays` ENABLE KEYS */;
UNLOCK TABLES;

--
-- Table structure for table `notes`
--

DROP TABLE IF EXISTS `notes`;
/*!40101 SET @saved_cs_client     = @@character_set_client */;
/*!50503 SET character_set_client = utf8mb4 */;
CREATE TABLE `notes` (
  `id` bigint NOT NULL AUTO_INCREMENT,
  `title` varchar(255) DEFAULT NULL,
  `description` text,
  `label` varchar(255) DEFAULT NULL,
  `day` date DEFAULT NULL,
  `created_at` datetime(6) NOT NULL,
  `updated_at` datetime(6) NOT NULL,
  `user_id` bigint DEFAULT NULL,
  PRIMARY KEY (`id`),
  KEY `index_notes_on_user_id` (`user_id`),
  CONSTRAINT `fk_rails_7f2323ad43` FOREIGN KEY (`user_id`) REFERENCES `users` (`id`)
) ENGINE=InnoDB AUTO_INCREMENT=16 DEFAULT CHARSET=utf8mb3;
/*!40101 SET character_set_client = @saved_cs_client */;

--
-- Dumping data for table `notes`
--

LOCK TABLES `notes` WRITE;
/*!40000 ALTER TABLE `notes` DISABLE KEYS */;
INSERT INTO `notes` VALUES (12,'Đi báo cáo','17h45 tại K96/17 Hải Hồ gặp thầy Phương','red','2024-06-12','2024-06-12 09:48:19.565303','2024-06-12 09:48:19.565303',44);
/*!40000 ALTER TABLE `notes` ENABLE KEYS */;
UNLOCK TABLES;

--
-- Table structure for table `salaries`
--

DROP TABLE IF EXISTS `salaries`;
/*!40101 SET @saved_cs_client     = @@character_set_client */;
/*!50503 SET character_set_client = utf8mb4 */;
CREATE TABLE `salaries` (
  `id` bigint NOT NULL AUTO_INCREMENT,
  `user_id` bigint NOT NULL,
  `date` date NOT NULL,
  `total_salary` decimal(10,2) DEFAULT '0.00',
  `created_at` datetime(6) NOT NULL,
  `updated_at` datetime(6) NOT NULL,
  PRIMARY KEY (`id`),
  KEY `index_salaries_on_user_id` (`user_id`),
  CONSTRAINT `fk_rails_127539cef3` FOREIGN KEY (`user_id`) REFERENCES `users` (`id`)
) ENGINE=InnoDB AUTO_INCREMENT=288 DEFAULT CHARSET=utf8mb3;
/*!40101 SET character_set_client = @saved_cs_client */;

--
-- Dumping data for table `salaries`
--

LOCK TABLES `salaries` WRITE;
/*!40000 ALTER TABLE `salaries` DISABLE KEYS */;
INSERT INTO `salaries` VALUES (144,47,'2024-06-01',0.00,'2024-06-08 04:40:55.556257','2024-06-08 04:40:55.556257'),(145,47,'2024-05-01',0.00,'2024-06-08 04:40:55.570189','2024-06-08 04:40:55.570189'),(146,47,'2024-04-01',2175000.00,'2024-06-08 04:40:55.583769','2024-06-08 04:40:55.583769'),(147,47,'2024-03-01',0.00,'2024-06-08 04:40:55.596895','2024-06-08 04:40:55.596895'),(148,47,'2024-02-01',0.00,'2024-06-08 04:40:55.610210','2024-06-08 04:40:55.610210'),(149,47,'2024-01-01',0.00,'2024-06-08 04:40:55.625117','2024-06-08 04:40:55.625117'),(150,47,'2023-12-01',0.00,'2024-06-08 04:40:55.639829','2024-06-08 04:40:55.639829'),(151,47,'2023-11-01',0.00,'2024-06-08 04:40:55.656421','2024-06-08 04:40:55.656421'),(152,47,'2023-10-01',0.00,'2024-06-08 04:40:55.696564','2024-06-08 04:40:55.696564'),(153,47,'2023-09-01',0.00,'2024-06-08 04:40:55.719665','2024-06-08 04:40:55.719665'),(154,47,'2023-08-01',0.00,'2024-06-08 04:40:55.755523','2024-06-08 04:40:55.755523'),(155,47,'2023-07-01',0.00,'2024-06-08 04:40:55.770701','2024-06-08 04:40:55.770701'),(228,32,'2024-06-01',67200.00,'2024-06-11 04:43:03.402944','2024-06-11 04:43:03.402944'),(229,32,'2024-05-01',0.00,'2024-06-11 04:43:03.419057','2024-06-11 04:43:03.419057'),(230,32,'2024-04-01',273600.00,'2024-06-11 04:43:03.434329','2024-06-11 04:43:03.434329'),(231,32,'2024-03-01',0.00,'2024-06-11 04:43:03.453827','2024-06-11 04:43:03.453827'),(232,32,'2024-02-01',0.00,'2024-06-11 04:43:03.466519','2024-06-11 04:43:03.466519'),(233,32,'2024-01-01',0.00,'2024-06-11 04:43:03.481922','2024-06-11 04:43:03.481922'),(234,32,'2023-12-01',0.00,'2024-06-11 04:43:03.501909','2024-06-11 04:43:03.501909'),(235,32,'2023-11-01',0.00,'2024-06-11 04:43:03.515615','2024-06-11 04:43:03.515615'),(236,32,'2023-10-01',0.00,'2024-06-11 04:43:03.539134','2024-06-11 04:43:03.539134'),(237,32,'2023-09-01',0.00,'2024-06-11 04:43:03.562071','2024-06-11 04:43:03.562071'),(238,32,'2023-08-01',0.00,'2024-06-11 04:43:03.580412','2024-06-11 04:43:03.580412'),(239,32,'2023-07-01',0.00,'2024-06-11 04:43:03.601751','2024-06-11 04:43:03.601751'),(276,5,'2024-06-01',0.00,'2024-06-14 07:41:16.337341','2024-06-14 07:41:16.337341'),(277,5,'2024-05-01',0.00,'2024-06-14 07:41:16.362338','2024-06-14 07:41:16.362338'),(278,5,'2024-04-01',0.00,'2024-06-14 07:41:16.379958','2024-06-14 07:41:16.379958'),(279,5,'2024-03-01',0.00,'2024-06-14 07:41:16.395895','2024-06-14 07:41:16.395895'),(280,5,'2024-02-01',0.00,'2024-06-14 07:41:16.413330','2024-06-14 07:41:16.413330'),(281,5,'2024-01-01',0.00,'2024-06-14 07:41:16.431097','2024-06-14 07:41:16.431097'),(282,5,'2023-12-01',0.00,'2024-06-14 07:41:16.447611','2024-06-14 07:41:16.447611'),(283,5,'2023-11-01',0.00,'2024-06-14 07:41:16.466505','2024-06-14 07:41:16.466505'),(284,5,'2023-10-01',0.00,'2024-06-14 07:41:16.483570','2024-06-14 07:41:16.483570'),(285,5,'2023-09-01',0.00,'2024-06-14 07:41:16.501946','2024-06-14 07:41:16.501946'),(286,5,'2023-08-01',0.00,'2024-06-14 07:41:16.525752','2024-06-14 07:41:16.525752'),(287,5,'2023-07-01',0.00,'2024-06-14 07:41:16.549615','2024-06-14 07:41:16.549615');
/*!40000 ALTER TABLE `salaries` ENABLE KEYS */;
UNLOCK TABLES;

--
-- Table structure for table `schema_migrations`
--

DROP TABLE IF EXISTS `schema_migrations`;
/*!40101 SET @saved_cs_client     = @@character_set_client */;
/*!50503 SET character_set_client = utf8mb4 */;
CREATE TABLE `schema_migrations` (
  `version` varchar(255) NOT NULL,
  PRIMARY KEY (`version`)
) ENGINE=InnoDB DEFAULT CHARSET=utf8mb3;
/*!40101 SET character_set_client = @saved_cs_client */;

--
-- Dumping data for table `schema_migrations`
--

LOCK TABLES `schema_migrations` WRITE;
/*!40000 ALTER TABLE `schema_migrations` DISABLE KEYS */;
INSERT INTO `schema_migrations` VALUES ('20240511135928'),('20240511135951'),('20240511140014'),('20240511140043'),('20240511140056'),('20240511141721'),('20240512015445'),('20240512090027'),('20240520014216'),('20240520022033'),('20240521021547'),('20240521022726'),('20240528081925'),('20240528082043'),('20240528082546'),('20240528083651'),('20240528083832'),('20240531035911'),('20240531040124'),('20240601102216'),('20240601102721'),('20240607051809'),('20240607053040'),('20240607072956'),('20240611043636');
/*!40000 ALTER TABLE `schema_migrations` ENABLE KEYS */;
UNLOCK TABLES;

--
-- Table structure for table `users`
--

DROP TABLE IF EXISTS `users`;
/*!40101 SET @saved_cs_client     = @@character_set_client */;
/*!50503 SET character_set_client = utf8mb4 */;
CREATE TABLE `users` (
  `id` bigint NOT NULL AUTO_INCREMENT,
  `first_name` varchar(255) DEFAULT NULL,
  `last_name` varchar(255) DEFAULT NULL,
  `phone_number` varchar(255) DEFAULT NULL,
  `date_of_birth` date DEFAULT NULL,
  `email` varchar(255) DEFAULT NULL,
  `password_digest` varchar(255) DEFAULT NULL,
  `role` int DEFAULT NULL,
  `department_id` bigint DEFAULT NULL,
  `created_at` datetime(6) NOT NULL,
  `avatar` varchar(255) DEFAULT NULL,
  `basic_salary` decimal(10,2) DEFAULT NULL,
  PRIMARY KEY (`id`),
  KEY `fk_rails_f29bf9cdf2` (`department_id`),
  CONSTRAINT `fk_rails_f29bf9cdf2` FOREIGN KEY (`department_id`) REFERENCES `departments` (`id`)
) ENGINE=InnoDB AUTO_INCREMENT=81 DEFAULT CHARSET=utf8mb3;
/*!40101 SET character_set_client = @saved_cs_client */;

--
-- Dumping data for table `users`
--

LOCK TABLES `users` WRITE;
/*!40000 ALTER TABLE `users` DISABLE KEYS */;
INSERT INTO `users` VALUES (5,'John','Doe','0123123123','2000-01-20','manh1@example.com','$2a$12$JR.1MRxj.ZXFUy6WftgyWu6lNrhN1c9rDAOILZwv/sv0mpzvxQQ16',2,1,'2024-05-12 09:04:34.495742',NULL,10000.00),(32,'Nguyễn Đức 1','Mạnh ','0905897381','2002-08-25','manh123@gmail.com','$2b$12$.ob04/uBcc9MHxfQqEBr2eg3Eo3A5MhJCZKnqsPnod7Q4j4X66sCS',1,3,'2024-05-22 10:51:37.000000','',300000.00),(40,'Tran Anh','Hao','0123123123','1999-12-20','anhhao@gmail.com','$2b$12$9yvpWt9Vm8vVN4LWrpB8g.vxuli9gTYaNd0g8kpjilUba8Fn.nFAa',2,5,'2024-05-31 09:38:46.000000',NULL,NULL),(42,'Nam','1','0123123123','2000-02-02','abc@gmail.com','$2b$12$KeN3jE5EouPBiqFerc0OWOp1Fns7qej0uzfWyqbA8bte4TqX/xMga',2,3,'2024-06-04 09:28:49.000000',NULL,NULL),(44,'Manh','Nguyen','0123123123','2002-08-25','manhnguyen@gmail.com','$2b$12$undZ79W4wsivU1SUUhYo/uU6fHlJ9h5UAI/iuJ63yZZ5ze7qCK0GS',2,1,'2024-06-04 23:10:03.000000',NULL,NULL),(47,'John','Doe','0123123123','2000-01-20','manh11@example.com','$2a$12$kZMrJekxpUSr1ktcRY9L/eBuhZ7Oe4aW47/QOFCdTzDYgH5YainTy',2,1,'2024-06-06 09:05:37.579147',NULL,250000.00),(51,'Trần Anh','Hào','0123123123','2002-02-02','trananhhao@gmail.com','$2a$12$4yCeTEcV7z6wCe.tgJnE2.vJv1zKEqP7vhwEdh.4//4CCL1UH39da',2,6,'2024-06-12 03:08:19.296629',NULL,NULL),(53,'Account','123','0123123123','1999-02-21','account1@gmail.com','$2a$12$2PrJGDRAQKNJRppZBYsJKOJ7.15dhfWoNVeKFDo7Oqw7cuh9CWjeW',2,6,'2024-06-13 05:06:50.176919',NULL,500000.00),(54,'Account','2','0123123123','1998-02-02','account2@gmail.com','$2a$12$ixMRREfeakhdqD7h0kie9uCDJWImpNhyDOI1ytKGQoJV8KPuQ81D6',2,2,'2024-06-13 05:08:54.159660',NULL,300000.00),(55,'Account','3','0123123123','2000-02-12','account3@gmail.com','$2a$12$lizgpEbHnsN.tra4ALZ3zuLMVxa.SuYC2clQiPHQFfB8aR5dS4HiC',2,2,'2024-06-13 05:40:56.365626',NULL,350000.00),(56,'Account','4','0123123123','1987-12-20','account4@gmail.com','$2a$12$g8zpCMNg/f8jh2xNfXn3AeT34Mo01tg/.kNB9qBfdkECakbhxo24K',2,1,'2024-06-13 05:42:06.057406',NULL,300000.00),(57,'Account','5','0123123123','1997-08-20','account5@gmail.com','$2a$12$IeJUpCvYpHtznzULoFYwCupP7YBeohqb99O0zaHovQ7h8su1k16oC',2,6,'2024-06-13 05:43:15.414079',NULL,250000.00),(58,'Account','6','0123123123','1998-02-11','account6@gmail.com','$2a$12$SQhTJ09umcEqJIsO/8QO2.EsGuef8TwphJmt8jQvs7o7ZhOV7M1AG',2,5,'2024-06-13 05:44:21.329173',NULL,150000.00),(59,'Account','7','0123123123','1977-07-07','account7@gmail.com','$2a$12$r2jIb19uHIGdU5Af9tdn5uIPSKXHiiPBqgz8Hi32AJd6/ocg.GM.S',2,2,'2024-06-13 09:49:09.045247',NULL,400000.00),(60,'Account','8','0123123123','1988-08-08','account8@gmail.com','$2a$12$MMcXxjgxJBvD/ANNaUlVJ.OPfPb7z6KRw/Rg8fl81jjIFXHZHypca',2,4,'2024-06-13 09:50:19.084246',NULL,300000.00),(61,'Account','9','0123123123','1999-09-09','account9@gmail.com','$2a$12$NIwV3EZBtehqspE4G3HAwu38EBY8ebPHClh4AsKPrj2sOlJwz64wG',2,1,'2024-06-13 09:51:25.184450',NULL,300000.00),(62,'Account','10','0123123123','1991-10-10','account10@gmail.com','$2a$12$Ajmzd5vx5J/RaWgeXyLawe0P4RTgEQJXguA4ETaRdlJlnas/kcNty',2,6,'2024-06-13 11:51:37.014177',NULL,270000.00),(63,'Account','11','0123123123','1992-11-11','account11@gmail.com','$2a$12$B0309gc5d3Z1iwhcQRHn9uqNYTIIzmnb7sNX61AlOJj53/xG3GADe',2,6,'2024-06-13 11:55:44.261978',NULL,300000.00),(64,'Account','12','0123123123','1993-12-12','account12@gmail.com','$2a$12$T0PQTjmF1iuTjb5PYfDMHefvDOZzfxv4eC4Ru4B53kfkFXlaD2SOO',2,2,'2024-06-13 11:57:08.357639',NULL,300000.00),(69,'Account','13','0123123123','1993-02-13','account13@gmail.com','$2a$12$uLpC7ZfEUWKRy2yupWKqy.sn7j9r6XsnHHJq5kXG5RvcC9sC8glUO',2,4,'2024-06-14 11:18:46.070171',NULL,300000.00),(70,'Account','14','0123123123','2004-12-14','account14@gmail.com','$2a$12$zhG6/knD3gKYwhDeZ.93wemMMmYNFQ6X3PkMV.zogo.a99ISqWnmm',2,1,'2024-06-14 11:23:25.394326',NULL,250000.00),(80,'Account','15','123123123','0200-02-22','account15@gmail.com','$2a$12$qNPochDa0XAhtnMdvlSDhOSFznL5x5uPvTAr.8Gdt2qr4Dzyv3856',2,1,'2024-06-14 16:30:36.859385',NULL,300000.00);
/*!40000 ALTER TABLE `users` ENABLE KEYS */;
UNLOCK TABLES;
/*!40103 SET TIME_ZONE=@OLD_TIME_ZONE */;

/*!40101 SET SQL_MODE=@OLD_SQL_MODE */;
/*!40014 SET FOREIGN_KEY_CHECKS=@OLD_FOREIGN_KEY_CHECKS */;
/*!40014 SET UNIQUE_CHECKS=@OLD_UNIQUE_CHECKS */;
/*!40101 SET CHARACTER_SET_CLIENT=@OLD_CHARACTER_SET_CLIENT */;
/*!40101 SET CHARACTER_SET_RESULTS=@OLD_CHARACTER_SET_RESULTS */;
/*!40101 SET COLLATION_CONNECTION=@OLD_COLLATION_CONNECTION */;
/*!40111 SET SQL_NOTES=@OLD_SQL_NOTES */;

-- Dump completed on 2024-06-15  9:49:59
